<?xml version="1.0" encoding="UTF-8"?>
<project-private xmlns="http://www.netbeans.org/ns/project-private/1">
    <editor-bookmarks xmlns="http://www.netbeans.org/ns/editor-bookmarks/2" lastBookmarkId="0"/>
    <open-files xmlns="http://www.netbeans.org/ns/projectui-open-files/2">
        <group>
            <file>file:/C:/Users/tumel/Desktop/NetBeans%20Projects/DOC-20190806-WA0012/Programming%201B%20Assign/Question_1/src/customer_finance/Customer.java</file>
            <file>file:/C:/Users/tumel/Desktop/NetBeans%20Projects/DOC-20190806-WA0012/Programming%201B%20Assign/Question_1/src/customer_finance/Customer_Finance.java</file>
            <file>file:/C:/Users/tumel/Desktop/NetBeans%20Projects/DOC-20190806-WA0012/Programming%201B%20Assign/Question_1/src/customer_finance/Finance_Period.java</file>
        </group>
    </open-files>
</project-private>
